distance,measure_latency_ns,measure_error,logical_error_rate
7,250,0.194,0.44315
7,500,0.106,0.19491
7,750,0.093,0.19287
7,1000,0.089,0.22528
9,250,0.194,0.46838
9,500,0.106,0.21671
9,750,0.093,0.2105
9,1000,0.089,0.25668
11,250,0.194,0.48213
11,500,0.106,0.23345
11,750,0.093,0.23115
11,1000,0.089,0.28354
